{"cameraMode":{"drawMode":0,"name":"Shaded","section":"Shading Mode"},"sceneLighting":true,"audioPlay":false,"sceneViewState":{"m_AlwaysRefresh":false,"showFog":true,"showSkybox":true,"showFlares":true,"showImageEffects":true,"showParticleSystems":true,"showVisualEffectGraphs":true,"m_FxEnabled":true},"in2DMode":false,"pivot":{"x":-1.1677055358886719,"y":2.3291990756988527,"z":-15.770332336425782},"rotation":{"x":-0.016802940517663957,"y":0.9713916778564453,"z":-0.22571678459644319,"w":-0.07239523530006409},"size":0.8660253882408142,"orthographic":false}